<ImportExportXml version="8.2.0001.0176" SolutionPackageVersion="8.2" languagecode="1033" generatedBy="OnPremise" xmlns:xsi="http://www.w3.org/2001/XMLSchema-instance">
  <SolutionManifest>
    <UniqueName>DynamicsImageView</UniqueName>
    <LocalizedNames>
      <LocalizedName description="Dynamics Image View" languagecode="1033" />
    </LocalizedNames>
    <Descriptions>
      <Description description="A dynamics 2016 and D365 easy image viewer for attached images of notes." languagecode="1033" />
    </Descriptions>
    <Version>1.1.0.2</Version>
    <Managed>0</Managed>
    <Publisher>
      <UniqueName>mehrdadtools</UniqueName>
      <LocalizedNames>
        <LocalizedName description="Mehrdad Tools" languagecode="1033" />
      </LocalizedNames>
      <Descriptions />
      <EMailAddress xsi:nil="true"></EMailAddress>
      <SupportingWebsiteUrl xsi:nil="true"></SupportingWebsiteUrl>
      <CustomizationPrefix>mtools</CustomizationPrefix>
      <CustomizationOptionValuePrefix>98596</CustomizationOptionValuePrefix>
      <Addresses>
        <Address>
          <AddressNumber>1</AddressNumber>
          <AddressTypeCode>1</AddressTypeCode>
          <City xsi:nil="true"></City>
          <County xsi:nil="true"></County>
          <Country xsi:nil="true"></Country>
          <Fax xsi:nil="true"></Fax>
          <FreightTermsCode xsi:nil="true"></FreightTermsCode>
          <ImportSequenceNumber xsi:nil="true"></ImportSequenceNumber>
          <Latitude xsi:nil="true"></Latitude>
          <Line1 xsi:nil="true"></Line1>
          <Line2 xsi:nil="true"></Line2>
          <Line3 xsi:nil="true"></Line3>
          <Longitude xsi:nil="true"></Longitude>
          <Name xsi:nil="true"></Name>
          <PostalCode xsi:nil="true"></PostalCode>
          <PostOfficeBox xsi:nil="true"></PostOfficeBox>
          <PrimaryContactName xsi:nil="true"></PrimaryContactName>
          <ShippingMethodCode>1</ShippingMethodCode>
          <StateOrProvince xsi:nil="true"></StateOrProvince>
          <Telephone1 xsi:nil="true"></Telephone1>
          <Telephone2 xsi:nil="true"></Telephone2>
          <Telephone3 xsi:nil="true"></Telephone3>
          <TimeZoneRuleVersionNumber xsi:nil="true"></TimeZoneRuleVersionNumber>
          <UPSZone xsi:nil="true"></UPSZone>
          <UTCOffset xsi:nil="true"></UTCOffset>
          <UTCConversionTimeZoneCode xsi:nil="true"></UTCConversionTimeZoneCode>
        </Address>
        <Address>
          <AddressNumber>2</AddressNumber>
          <AddressTypeCode>1</AddressTypeCode>
          <City xsi:nil="true"></City>
          <County xsi:nil="true"></County>
          <Country xsi:nil="true"></Country>
          <Fax xsi:nil="true"></Fax>
          <FreightTermsCode xsi:nil="true"></FreightTermsCode>
          <ImportSequenceNumber xsi:nil="true"></ImportSequenceNumber>
          <Latitude xsi:nil="true"></Latitude>
          <Line1 xsi:nil="true"></Line1>
          <Line2 xsi:nil="true"></Line2>
          <Line3 xsi:nil="true"></Line3>
          <Longitude xsi:nil="true"></Longitude>
          <Name xsi:nil="true"></Name>
          <PostalCode xsi:nil="true"></PostalCode>
          <PostOfficeBox xsi:nil="true"></PostOfficeBox>
          <PrimaryContactName xsi:nil="true"></PrimaryContactName>
          <ShippingMethodCode>1</ShippingMethodCode>
          <StateOrProvince xsi:nil="true"></StateOrProvince>
          <Telephone1 xsi:nil="true"></Telephone1>
          <Telephone2 xsi:nil="true"></Telephone2>
          <Telephone3 xsi:nil="true"></Telephone3>
          <TimeZoneRuleVersionNumber xsi:nil="true"></TimeZoneRuleVersionNumber>
          <UPSZone xsi:nil="true"></UPSZone>
          <UTCOffset xsi:nil="true"></UTCOffset>
          <UTCConversionTimeZoneCode xsi:nil="true"></UTCConversionTimeZoneCode>
        </Address>
      </Addresses>
    </Publisher>
    <RootComponents>
      <RootComponent type="1" schemaName="mtools_dynamicsimageviewconfiguration" behavior="0" />
      <RootComponent type="9" schemaName="mtools_dynamicsimageviewthemes" behavior="0" />
      <RootComponent type="60" id="{5a703549-fab2-405a-94df-f78afb44c734}" behavior="0" />
      <RootComponent type="61" schemaName="mtools_/dark_rounded/btnNext.png" behavior="0" />
      <RootComponent type="61" schemaName="mtools_/dark_rounded/btnPrevious.png" behavior="0" />
      <RootComponent type="61" schemaName="mtools_/dark_rounded/contentPattern.png" behavior="0" />
      <RootComponent type="61" schemaName="mtools_/dark_rounded/default_thumbnail.gif" behavior="0" />
      <RootComponent type="61" schemaName="mtools_/dark_rounded/loader.gif" behavior="0" />
      <RootComponent type="61" schemaName="mtools_/dark_rounded/sprite.png" behavior="0" />
      <RootComponent type="61" schemaName="mtools_/dark_square/btnNext.png" behavior="0" />
      <RootComponent type="61" schemaName="mtools_/dark_square/btnPrevious.png" behavior="0" />
      <RootComponent type="61" schemaName="mtools_/dark_square/contentPattern.png" behavior="0" />
      <RootComponent type="61" schemaName="mtools_/dark_square/default_thumbnail.gif" behavior="0" />
      <RootComponent type="61" schemaName="mtools_/dark_square/loader.gif" behavior="0" />
      <RootComponent type="61" schemaName="mtools_/dark_square/sprite.png" behavior="0" />
      <RootComponent type="61" schemaName="mtools_/default/default_thumb.png" behavior="0" />
      <RootComponent type="61" schemaName="mtools_/default/loader.gif" behavior="0" />
      <RootComponent type="61" schemaName="mtools_/default/sprite.png" behavior="0" />
      <RootComponent type="61" schemaName="mtools_/default/sprite_next.png" behavior="0" />
      <RootComponent type="61" schemaName="mtools_/default/sprite_prev.png" behavior="0" />
      <RootComponent type="61" schemaName="mtools_/default/sprite_x.png" behavior="0" />
      <RootComponent type="61" schemaName="mtools_/default/sprite_y.png" behavior="0" />
      <RootComponent type="61" schemaName="mtools_/facebook/btnNext.png" behavior="0" />
      <RootComponent type="61" schemaName="mtools_/facebook/btnPrevious.png" behavior="0" />
      <RootComponent type="61" schemaName="mtools_/facebook/contentPatternBottom.png" behavior="0" />
      <RootComponent type="61" schemaName="mtools_/facebook/contentPatternLeft.png" behavior="0" />
      <RootComponent type="61" schemaName="mtools_/facebook/contentPatternRight.png" behavior="0" />
      <RootComponent type="61" schemaName="mtools_/facebook/contentPatternTop.png" behavior="0" />
      <RootComponent type="61" schemaName="mtools_/facebook/default_thumbnail.gif" behavior="0" />
      <RootComponent type="61" schemaName="mtools_/facebook/loader.gif" behavior="0" />
      <RootComponent type="61" schemaName="mtools_/facebook/sprite.png" behavior="0" />
      <RootComponent type="61" schemaName="mtools_/light_rounded/btnNext.png" behavior="0" />
      <RootComponent type="61" schemaName="mtools_/light_rounded/btnPrevious.png" behavior="0" />
      <RootComponent type="61" schemaName="mtools_/light_rounded/default_thumbnail.gif" behavior="0" />
      <RootComponent type="61" schemaName="mtools_/light_rounded/loader.gif" behavior="0" />
      <RootComponent type="61" schemaName="mtools_/light_rounded/sprite.png" behavior="0" />
      <RootComponent type="61" schemaName="mtools_/light_square/btnNext.png" behavior="0" />
      <RootComponent type="61" schemaName="mtools_/light_square/btnPrevious.png" behavior="0" />
      <RootComponent type="61" schemaName="mtools_/light_square/default_thumbnail.gif" behavior="0" />
      <RootComponent type="61" schemaName="mtools_/light_square/loader.gif" behavior="0" />
      <RootComponent type="61" schemaName="mtools_/light_square/sprite.png" behavior="0" />
      <RootComponent type="61" schemaName="mtools_ConfigurationFormLoad.js" behavior="0" />
      <RootComponent type="61" schemaName="mtools_DynamicsImageViewerWebResource" behavior="0" />
      <RootComponent type="61" schemaName="mtools_imgctrlcss" behavior="0" />
      <RootComponent type="61" schemaName="mtools_imgctrljs" behavior="0" />
      <RootComponent type="61" schemaName="mtools_jquery2.1.4.min" behavior="0" />
      <RootComponent type="61" schemaName="mtools_WEBAPISDK" behavior="0" />
    </RootComponents>
    <MissingDependencies />
  </SolutionManifest>
</ImportExportXml>